<?xml version="1.0" encoding="utf-8"?>
<!--
  This document provides data for use by applet.xsl.
-->
<specs>

  <spec id="xslt2-patterns" brief-name="XSLT 2 Patterns">
    <a href="http://www.w3.org/TR/xslt20/#pattern-syntax">
      XSL Transformations (XSLT) Version 2.0 Patterns
    </a>
  </spec>
  
  <spec id="xslt30-patterns" brief-name="XSLT 3.0 Patterns">
    <a href="http://www.w3.org/TR/xslt-30/#pattern-syntax">
      XSL Transformations (XSLT) Version 3.0 Patterns
    </a>
  </spec>

  <spec id="xpath1" brief-name="XPath 1.0">
    <a href="http://www.w3.org/TR/xpath#location-paths">
      XML Path Language (XPath) Version 1.0
    </a>
  </spec>

  <spec id="xpath20" brief-name="XPath 2.0">
    <a href="http://www.w3.org/TR/xpath20/#nt-bnf">
      XML Path Language (XPath) 2.0 (Second Edition)
    </a>
  </spec>

  <spec id="xpath30" brief-name="XPath 3.0">
    <a href="http://www.w3.org/TR/2013/CR-xpath-30-20130108/#nt-bnf">
      XML Path Language (XPath) 3.0 [2013-01-08 CR]
    </a>
  </spec>

  <spec id="xpath31" brief-name="XPath 3.1">
    <a href="https://www.w3.org/XML/Group/qtspecs/specifications/xquery-31/html/xpath-31.html#nt-bnf">
      XML Path Language (XPath) 3.1 [2013-xx-xx WD]
    </a>
  </spec>

  <spec id="xquery10" brief-name="XQuery 1.0">
    <a href="http://www.w3.org/TR/xquery/#nt-bnf">
      XQuery 1.0: An XML Query Language (Second Edition)
    </a>
  </spec>

  <spec id="xquery30" brief-name="XQuery 3.0">
    <a href="http://www.w3.org/TR/2013/CR-xquery-30-20130108/#nt-bnf">
      XQuery 3.0: An XML Query Language [2013-01-08 CR]
    </a>
  </spec>

  <spec id="xquery31" brief-name="XQuery 3.1">
    <a href="https://www.w3.org/XML/Group/qtspecs/specifications/xquery-31/html/xquery-31.html#nt-bnf">
      XQuery 3.1: An XML Query Language [2013-xx-xx WD]
    </a>
  </spec>

  <spec id="xcore" brief-name="XQuery/XPath Core">
    <a href="http://www.w3.org/TR/xquery-semantics/#sec_core">
      XQuery 1.0 and XPath 2.0 Formal Semantics (Second Edition)
    </a>
  </spec>

  <spec id="update10" brief-name="Update Facility 1.0">
    <a href="http://www.w3.org/TR/2011/REC-xquery-update-10-20110317/#id-grammar">
      XQuery Update Facility 1.0 [2011-03-17 REC]
    </a>
  </spec>

  <spec id="update30" brief-name="Update Facility 3.0">
    <a href="http://www.w3.org/TR/2013/WD-xquery-update-30-20130108/#id-grammar">
      XQuery Update Facility 3.0 [2013-01-08 WD]
    </a>
  </spec>

  <spec id="fulltext" brief-name="Full Text">
    XQuery and XPath Full Text
    (<a href="http://www.w3.org/TR/2011/REC-xpath-full-text-10-20110317/#id-grammar">1.0 [2011-03-17 REC]</a>
    or
    <a href="http://www.w3.org/TR/2013/WD-xpath-full-text-30-20130108/#id-grammar">3.0 [2013-01-08 WD]</a>)
  </spec>

  <spec id="scripting" brief-name="Scripting Extension">
    <a href="http://www.w3.org/TR/2010/WD-xquery-sx-10-20100408#id-grammar">
      XQuery Scripting Extension 1.0 [2010-04-08 WD]
    </a>
  </spec>

</specs>
