<?xml version="1.0" encoding="UTF-8"?>
<html>
<head>
<title/>
<meta http-equiv="expires" content="Tue, 31 Dec 1996 01:23:45 GMT"/>
<meta http-equiv="Pragma" content="no-cache"/>
</head>
<body>
<p>Type in a <spec/> expression then click on the button:</p>
<applet
  codebase="." 
  code="org.w3c.xqparser.XPathApplet"
  name     = "TestApplet"
  width    = "500"
  height   = "350"
  hspace   = "0"
  vspace   = "0"
  align    = "top"
>
</applet>
<p>If the Applet box above is gray, or non-functional, it is likely that your browser does not support Java.  In particular,  Microsoft no longer distributes their Java VM.  You may install the Sun Java Plug-in.  Go to <a href="http://java.sun.com/products/plugin/">http://java.sun.com/products/plugin/</a> and follow the "Download the JRE" link, and install.</p>

<p></p>
    <hr/>
    <address>
      <small>Page created my Scott Boag.<br/>
	Page maintained by
	<a href="http://www.w3.org/People/Quin/">Liam Quin</a>.<br/>
	Current: $Revision: 1.4 $</small>
    </address>

    <p class="policyfooter"><small><a href="../../Consortium/Legal/ipr-notice.html#Copyright">Copyright</a> © 2000-2006 <a href="http://www.w3.org">W3C</a> (<a href="http://www.lcs.mit.edu">MIT</a>,
      <a href="http://www.ercim.org/">ERCIM</a>, <a href="http://www.keio.ac.jp/">Keio</a> ), All Rights Reserved. W3C <a href="../../Consortium/Legal/ipr-notice.html#Legal_Disclaimer">liability,</a> <a href="../../Consortium/Legal/ipr-notice.html#W3C_Trademarks" name="tm" id="tm">trademark</a>, <a href="../../Consortium/Legal/copyright-documents.html">document use</a> and <a href="../../Consortium/Legal/copyright-software.html">software licensing</a>

      rules apply. Your interactions with this site are in accordance with our <a href="../../Consortium/Legal/privacy-statement.html#Public">public</a> and <a href="../../Consortium/Legal/privacy-statement.html#Members">Member</a> privacy
      statements.</small></p>
</body>
</html>