<?xml version="1.0" encoding="UTF-8"?>
<tests>
<test value="E1/E2"/>
<test value="E1[E2]"/>
<test value="E2"/>
<test value="E1"/>
<test value="E2"/>
<test value="E2"/>
<test value="E1"/>
<test value="E2"/>
<test value="."/>
<test value="E1/E2"/>
<test value="E1[E2]"/>
<test value="E1"/>
<test value="E2"/>
<test value="fn:position()"/>
<test value="E1/E2"/>
<test value="E1[E2]"/>
<test value="E2"/>
<test value="E1"/>
<test value="fn:last()"/>
<test value="E1/E2"/>
<test value="E1[E2]"/>
<test value="E2"/>
<test value="E1"/>
<test value="($x div $y) + xs:decimal($z)"/>
<test value="fn:error(xs:QName(&quot;app:err057&quot;), &quot;Unexpected value&quot;, fn:string($v))"/>
<test value="some $x in $expr1 satisfies $x = 47"/>
<test value="//product[id = 47]"/>
<test value="$N[@x castable as xs:date][xs:date(@x) gt xs:date(&quot;2000-01-01&quot;)]"/>
<test value="$N[if (@x castable as xs:date)&#13;&#10;&#13;&#10;   then xs:date(@x) gt xs:date(&quot;2000-01-01&quot;)&#13;&#10;&#13;&#10;   else false()]"/>
<test value="&quot;12.5&quot;"/>
<test value="12"/>
<test value="12.5"/>
<test value="125E2"/>
<test value="xs:integer(&quot;12&quot;)"/>
<test value="xs:date(&quot;2001-08-25&quot;)"/>
<test value="9 cast as&#13;&#10;&#13;&#10;                        hatsize"/>
<test value="(2 + 4)&#13;&#10;&#13;&#10;&#9;&#9;    * 5"/>
<test value="(2 + 4)"/>
<test value="2 + 4 * 5"/>
<test value="my:three-argument-function(1,&#13;&#10;&#13;&#10;&#9;&#9;&#9;2, 3)"/>
<test value="my:two-argument-function((1,&#13;&#10;&#13;&#10;&#9;&#9;&#9;2), 3)"/>
<test value="my:two-argument-function(1,&#13;&#10;&#13;&#10;&#9;&#9;&#9;())"/>
<test value="my:one-argument-function((1, 2,&#13;&#10;&#13;&#10;&#9;&#9;&#9;3))"/>
<test value="my:one-argument-function(( ))"/>
<test value="my:zero-argument-function( )"/>
<test value="E1/E2"/>
<test value="E1"/>
<test value="child::div1/child::para"/>
<test value="child::para"/>
<test value="attribute::abc:href"/>
<test value="child::*"/>
<test value="attribute::*"/>
<test value="child::chapter[2]"/>
<test value="descendant::toy[attribute::color = &quot;red&quot;]"/>
<test value="child::employee[secretary][assistant]"/>
<test value="child::para"/>
<test value="child::*"/>
<test value="child::text()"/>
<test value="child::node()"/>
<test value="attribute::name"/>
<test value="attribute::*"/>
<test value="descendant::para"/>
<test value="ancestor::div"/>
<test value="ancestor-or-self::div"/>
<test value="descendant-or-self::para"/>
<test value="self::para"/>
<test value="child::chapter/descendant::para"/>
<test value="child::*/child::para"/>
<test value="/"/>
<test value="/descendant::para"/>
<test value="/descendant::list/child::member"/>
<test value="child::para[fn:position() = 1]"/>
<test value="child::para[fn:position() = fn:last()]"/>
<test value="child::para[fn:position() = fn:last()-1]"/>
<test value="child::para[fn:position() &gt; 1]"/>
<test value="following-sibling::chapter[fn:position() = 1]"/>
<test value="preceding-sibling::chapter[fn:position() = 1]"/>
<test value="/descendant::figure[fn:position() = 42]"/>
<test value="/child::book/child::chapter[fn:position() = 5]/child::section[fn:position() = 2]"/>
<test value="child::para[attribute::type eq &quot;warning&quot;]"/>
<test value="child::para[attribute::type eq 'warning'][fn:position() = 5]"/>
<test value="child::para[fn:position() = 5][attribute::type eq &quot;warning&quot;]"/>
<test value="child::chapter[child::title = 'Introduction']"/>
<test value="child::chapter[child::title]"/>
<test value="child::*[self::chapter or self::appendix]"/>
<test value="child::*[self::chapter or&#13;&#10;&#13;&#10;self::appendix][fn:position() = fn:last()]"/>
<test value="para[@type=&quot;warning&quot;]"/>
<test value="child::para[attribute::type=&quot;warning&quot;]"/>
<test value="section/para"/>
<test value="child::section/child::para"/>
<test value="div1//para"/>
<test value="child::div1/descendant-or-self::node()/child::para"/>
<test value="//para[1]"/>
<test value="/descendant::para[1]"/>
<test value=".."/>
<test value="parent::node()"/>
<test value="../title"/>
<test value="parent::node()/child::title"/>
<test value="*"/>
<test value="text()"/>
<test value="@name"/>
<test value="@*"/>
<test value="para[1]"/>
<test value="para[fn:last()]"/>
<test value="*/para"/>
<test value="/book/chapter[5]/section[2]"/>
<test value="chapter//para"/>
<test value="//para"/>
<test value="//list/member"/>
<test value=".//para"/>
<test value=".."/>
<test value="../@lang"/>
<test value="para[@type=&quot;warning&quot;]"/>
<test value="para[@type=&quot;warning&quot;][5]"/>
<test value="para[5][@type=&quot;warning&quot;]"/>
<test value="chapter[title=&quot;Introduction&quot;]"/>
<test value="chapter[title]"/>
<test value="employee[@secretary and @assistant]"/>
<test value="book/(chapter|appendix)/section"/>
<test value="(10, 1, 2, 3, 4)"/>
<test value="(10, (1, 2), (), (3, 4))"/>
<test value="(salary, bonus)"/>
<test value="($price, $price)"/>
<test value="(10, 1 to 4)"/>
<test value="10 to 10"/>
<test value="15 to 10"/>
<test value="fn:reverse(10 to 15)"/>
<test value="$products[price gt 100]"/>
<test value="(1 to 100)[. mod 5 eq 0]"/>
<test value="(21 to 29)[5]"/>
<test value="$orders[fn:position() = (5 to 9)]"/>
<test value="$book/(chapter | appendix)[fn:last()]"/>
<test value="fn:doc(&quot;zoo.xml&quot;)/fn:id('tiger')"/>
<test value="$seq1 union $seq2"/>
<test value="$seq2 union $seq3"/>
<test value="$seq1 intersect $seq2"/>
<test value="$seq2 intersect $seq3"/>
<test value="$seq1 except $seq2"/>
<test value="$seq2 except $seq3"/>
<test value="a-b"/>
<test value="a - b"/>
<test value="-1.5"/>
<test value="-1"/>
<test value="-3 div 2&#13;&#10;&#13;&#10;-3 idiv 2"/>
<test value="$emp/hiredate - $emp/birthdate"/>
<test value="$unit-price - $unit-discount"/>
<test value="$book1/author eq &quot;Kennedy&quot;"/>
<test value="//product[weight gt 100]"/>
<test value="my:hatsize(5) eq my:shoesize(5)"/>
<test value="fn:QName(&quot;http://example.com/ns1&quot;, &quot;this:color&quot;)&#13;&#10;&#13;&#10;   eq fn:QName(&quot;http://example.com/ns1&quot;, &quot;that:color&quot;)"/>
<test value="$book1/author = &quot;Kennedy&quot;"/>
<test value="/books/book[isbn=&quot;1558604820&quot;] is /books/book[call=&quot;QA76.9 C3845&quot;]"/>
<test value="/transactions/purchase[parcel=&quot;28-451&quot;] &#13;&#10;&#13;&#10;   &lt;&lt; /transactions/sale[parcel=&quot;33-870&quot;]"/>
<test value="1 eq 1 and 2 eq 2"/>
<test value="1 eq 1 or 2 eq 3"/>
<test value="1 eq 2 and 3 idiv 0 = 1"/>
<test value="1 eq 1 or 3 idiv 0 = 1"/>
<test value="1 eq 1 and 3 idiv 0 = 1"/>
<test value="for $a in fn:distinct-values(book/author)&#13;&#10;&#13;&#10;return (book/author[. = $a][1], book[author = $a]/title)"/>
<test value="for $a in fn:distinct-values(book/author)&#13;&#10;&#13;&#10;return (book/author[. = $a][1], book[author = $a]/title)"/>
<test value="for $i in (10, 20),&#13;&#10;&#13;&#10;    $j in (1, 2)&#13;&#10;&#13;&#10;return ($i + $j)"/>
<test value="for $i in (10, 20),&#13;&#10;&#13;&#10;    $j in (1, 2)&#13;&#10;&#13;&#10;return ($i + $j)"/>
<test value="for $x in $z, $y in f($x)&#13;&#10;&#13;&#10;return g($x, $y)"/>
<test value="for $x in $z, $y in f($x)&#13;&#10;&#13;&#10;return g($x, $y)"/>
<test value="fn:sum(for $i in order-item&#13;&#10;&#13;&#10;    return $i/@price * $i/@qty)"/>
<test value="if ($widget1/unit-cost &lt; $widget2/unit-cost) &#13;&#10;&#13;&#10;  then $widget1&#13;&#10;&#13;&#10;  else $widget2"/>
<test value="if ($part/@discounted) &#13;&#10;&#13;&#10;  then $part/wholesale &#13;&#10;&#13;&#10;  else $part/retail"/>
<test value="every $part in /parts/part satisfies $part/@discounted"/>
<test value="some $emp in /emps/employee satisfies &#13;&#10;&#13;&#10;     ($emp/bonus &gt; 0.25 * $emp/salary)"/>
<test value="some $x in (1, 2, 3), $y in (2, 3, 4) &#13;&#10;&#13;&#10;     satisfies $x + $y = 4"/>
<test value="some $x in (1, 2, 3), $y in (2, 3, 4) &#13;&#10;&#13;&#10;     satisfies $x + $y = 4"/>
<test value="every $x in (1, 2, 3), $y in (2, 3, 4) &#13;&#10;&#13;&#10;     satisfies $x + $y = 4"/>
<test value="every $x in (1, 2, 3), $y in (2, 3, 4) &#13;&#10;&#13;&#10;     satisfies $x + $y = 4"/>
<test value="some $x in (1, 2, &quot;cat&quot;) satisfies $x * 2 = 4"/>
<test value="every $x in (1, 2, &quot;cat&quot;) satisfies $x * 2 = 4"/>
<test value="5 instance of xs:integer"/>
<test value=". instance of element()"/>
<test value="&#13;&#10;&#13;&#10;if ($x castable as hatsize) &#13;&#10;&#13;&#10;   then $x cast as hatsize &#13;&#10;&#13;&#10;   else if ($x castable as IQ) &#13;&#10;&#13;&#10;   then $x cast as IQ &#13;&#10;&#13;&#10;   else $x cast as xs:string"/>
<test value="xs:date(&quot;2000-01-01&quot;)"/>
<test value="xs:decimal($floatvalue * 0.2E-5)"/>
<test value="xs:dayTimeDuration(&quot;P21D&quot;)"/>
<test value="usa:zipcode(&quot;12345&quot;)"/>
<test value="17 cast as apple"/>
<test value="apple(17)&#13;&#10;&#13;&#10;"/>
<test value="$myaddress treat as element(*, USAddress)"/>
</tests>
