<?xml version="1.0"?>
<xqx:module xmlns:xqx="http://www.w3.org/2005/XQueryX"
            xmlns:xsi="http://www.w3.org/2001/XMLSchema-instance"
            xsi:schemaLocation="http://www.w3.org/2005/XQueryX
                                http://www.w3.org/2005/XQueryX/xqueryx.xsd">
  <xqx:mainModule>
    <xqx:queryBody>
      <xqx:pathExpr>
        <xqx:stepExpr>
          <xqx:filterExpr>
            <xqx:parenthesizedExpr>
              <xqx:flworExpr>
                <xqx:letClause>
                  <xqx:letClauseItem>
                    <xqx:typedVariableBinding>
                      <xqx:varName>c</xqx:varName>
                    </xqx:typedVariableBinding>
                    <xqx:letExpr>
                      <xqx:integerConstantExpr>
                        <xqx:value>5</xqx:value>
                      </xqx:integerConstantExpr>
                    </xqx:letExpr>
                  </xqx:letClauseItem>
                </xqx:letClause>
                <xqx:returnClause>
                  <xqx:varRef>
                    <xqx:name>c</xqx:name>
                  </xqx:varRef>
                </xqx:returnClause>
              </xqx:flworExpr>
            </xqx:parenthesizedExpr>
          </xqx:filterExpr>
        </xqx:stepExpr>
        <xqx:stepExpr>
          <xqx:xpathAxis>child</xqx:xpathAxis>
          <xqx:nameTest>baz</xqx:nameTest>
        </xqx:stepExpr>
      </xqx:pathExpr>
    </xqx:queryBody>
  </xqx:mainModule>
</xqx:module>
