<?xml version="1.0" encoding="utf-8"?>
<!DOCTYPE spec SYSTEM "../schema/xsl-query.dtd" [
<!ENTITY % ref-req.att "ref                    CDATA           #REQUIRED">

<!ENTITY XML "http://www.w3.org/TR/REC-xml">
<!ENTITY XMLNames "http://www.w3.org/TR/REC-xml-names">
<!ENTITY year "2006">
<!ENTITY month "June">
<!ENTITY MM "06">
<!ENTITY day "08">
<!ENTITY DD "08">
<!ENTITY YYYYMMDD "&year;&MM;&DD;">
<!ENTITY language "<phrase role='spec-language'/>">
<!ENTITY version "<phrase role='spec-version'/>">
<!ENTITY working-group "<phrase role='spec-wg'/>">
<!ENTITY for-name "<phrase role='spec-for-name'/>">
<!ENTITY query-expr "<phrase role='spec-query'/>">
<!ENTITY introduction SYSTEM "introduction.xml">
<!ENTITY expressions SYSTEM "expressions.xml">
<!ENTITY prolog SYSTEM "query-prolog.xml">
<!ENTITY conformance SYSTEM "conformance.xml">
<!ENTITY examples SYSTEM "query-examples.xml">
<!ENTITY errors SYSTEM "errors.xml">
<!ENTITY xpath-backwards-compat SYSTEM "xpath-backwards-compat.xml">
<!ENTITY ebnf SYSTEM "ebnf.xml">
<!ENTITY mime-type SYSTEM "mime-type.xml">
]>
<spec id="spec-top" w3c-doctype="wd">
<header id="id-spec-header">
<title role="spec-conditional" id="ele">Building a Tokenizer for XPath or XQuery</title>
<version role="spec-conditional">  </version>
<w3c-designation>WD-xquery-xpath-parsing-&YYYYMMDD;</w3c-designation>
<w3c-doctype>W3C Working Draft</w3c-doctype>
<pubdate><day>&day;</day><month>&month;</month><year>&year;</year></pubdate>

<publoc>
<loc href="http://www.w3.org/TR/&year;/WD-xquery-xpath-parsing-&year;&MM;&DD;/">http://www.w3.org/TR/&year;/WD-xquery-xpath-parsing-&year;&MM;&DD;/</loc>
</publoc>

<latestloc>
<loc href="http://www.w3.org/TR/xquery-xpath-parsing/">http://www.w3.org/TR/xquery-xpath-parsing/</loc>
</latestloc>

<authlist>
<author>
<name>Scott Boag (XSL WG)</name>
<affiliation>IBM  Research</affiliation><email href="mailto: scott_boag@us.ibm.com">scott_boag@us.ibm.com</email>
</author>
</authlist>

<status id="id-status">

<p><emph>This section describes the status of this document at the time of its publication. Other documents may supersede this document. A list of current W3C publications and the latest revision of this technical report can be found in the <loc href="http://www.w3.org/TR/">W3C technical reports index</loc> at
http://www.w3.org/TR/.</emph></p>



<p>This document is no longer relevant.   Developers wishing for more information on building a XPath or XQuery parser should study the parser published at <loc href="http://www.w3.org/XML/Group/xsl-query-specs/grammar/parser/applets/xpathApplet.html">http://www.w3.org/XML/Group/xsl-query-specs/grammar/parser/applets/xpathApplet.html</loc> or <loc href="http://www.w3.org/XML/Group/xsl-query-specs/grammar/parser/applets/xqueryApplet.html">http://www.w3.org/XML/Group/xsl-query-specs/grammar/parser/applets/xqueryApplet.html</loc>.</p>










</status>

<abstract id="id-abstract"> 

<p>This document is no longer relevant.</p></abstract>

<langusage>
<language id="EN">English</language>
<language id="ebnf">EBNF</language>
</langusage>
<revisiondesc>
<slist>
<sitem>W3C Note. (2005;14;02)</sitem>
</slist>
</revisiondesc>
</header>
<body>
</body>


</spec>
